2016/10/17 21:00,2435,2438,2398,2420,2182,1782
2016/10/17 22:00,2420,2429,2417,2418,1176,2326
2016/10/18 09:00,2417,2420,2406,2419,2214,3716
2016/10/18 10:00,2420,2421,2408,2408,1026,4422
2016/10/18 11:00,2406,2415,2406,2415,252,4560
2016/10/18 13:00,2416,2435,2412,2431,748,4902
2016/10/18 14:00,2432,2440,2420,2430,1254,5446
2016/10/18 21:00,2440,2467,2432,2455,2012,6192
2016/10/18 22:00,2456,2472,2455,2469,1316,6504
2016/10/19 09:00,2472,2497,2455,2466,3934,8220
2016/10/19 10:00,2466,2470,2447,2453,1706,8784
2016/10/19 11:00,2449,2455,2443,2444,674,9118
2016/10/19 13:00,2444,2448,2426,2432,2136,10738
2016/10/19 14:00,2429,2443,2406,2423,3388,11842
2016/10/19 21:00,2425,2446,2424,2427,2788,13260
2016/10/19 22:00,2429,2449,2427,2447,1082,13802
2016/10/20 09:00,2447,2457,2430,2436,3354,14964
2016/10/20 10:00,2436,2450,2432,2449,842,15264
2016/10/20 11:00,2450,2450,2436,2446,390,15128
2016/10/20 13:00,2443,2455,2439,2451,1090,14952
2016/10/20 14:00,2451,2455,2439,2447,848,14932
2016/10/20 21:00,2448,2457,2431,2437,3074,15306
2016/10/20 22:00,2437,2438,2405,2412,2262,15796
2016/10/21 09:00,2408,2413,2387,2398,3650,17120
2016/10/21 10:00,2398,2407,2393,2399,618,17364
2016/10/21 11:00,2398,2399,2388,2391,588,17752
2016/10/21 13:00,2390,2405,2384,2405,938,17972
2016/10/21 14:00,2405,2423,2398,2423,1476,18472
2016/10/21 21:00,2423,2424,2393,2405,2466,20042
2016/10/21 22:00,2404,2416,2401,2405,940,20298
2016/10/24 09:00,2409,2412,2388,2412,3104,21896
2016/10/24 10:00,2409,2420,2404,2420,814,21850
2016/10/24 11:00,2421,2421,2412,2417,922,22310
2016/10/24 13:00,2417,2421,2417,2421,2568,22524
2016/10/24 14:00,2420,2433,2420,2430,2432,22842
2016/10/24 21:00,2432,2466,2432,2459,3174,23636
2016/10/24 22:00,2460,2469,2457,2466,1982,24170
2016/10/25 09:00,2473,2514,2467,2514,5404,24914
2016/10/25 10:00,2512,2524,2496,2508,3868,26056
2016/10/25 11:00,2508,2522,2502,2522,998,26228
2016/10/25 13:00,2522,2539,2522,2535,2544,27680
2016/10/25 14:00,2536,2537,2525,2528,1994,27576
2016/10/25 21:00,2534,2561,2521,2550,5196,27620
2016/10/25 22:00,2549,2557,2503,2505,6418,28472
2016/10/26 09:00,2500,2518,2493,2518,3926,29564
2016/10/26 10:00,2516,2532,2511,2514,3614,29352
2016/10/26 11:00,2512,2517,2503,2503,908,29436
2016/10/26 13:00,2501,2516,2496,2511,2350,30358
2016/10/26 14:00,2509,2515,2502,2510,2808,31238
2016/10/26 21:00,2511,2526,2511,2514,3888,32796
2016/10/26 22:00,2515,2528,2512,2525,1458,32776
2016/10/27 09:00,2528,2536,2527,2535,3032,33486
2016/10/27 10:00,2536,2537,2525,2526,6054,36586
2016/10/27 11:00,2526,2530,2503,2509,8094,40920
2016/10/27 13:00,2512,2525,2509,2525,1888,41154
2016/10/27 14:00,2524,2525,2507,2522,3044,41210
2016/10/27 21:00,2526,2532,2520,2522,2554,40894
2016/10/27 22:00,2522,2528,2515,2524,906,40890
2016/10/28 09:00,2526,2543,2526,2537,2542,40762
2016/10/28 10:00,2537,2558,2537,2545,2494,40248
2016/10/28 11:00,2545,2559,2545,2559,1186,40090
2016/10/28 13:00,2559,2586,2559,2585,3010,40902
2016/10/28 14:00,2587,2593,2573,2588,3614,41738
2016/10/28 21:00,2590,2612,2566,2582,10562,46272
2016/10/28 22:00,2582,2592,2578,2583,6672,44840
2016/10/31 09:00,2581,2604,2569,2575,3796,44706
2016/10/31 10:00,2575,2603,2574,2592,3812,44218
2016/10/31 11:00,2592,2602,2588,2600,1496,44016
2016/10/31 13:00,2601,2615,2596,2615,3114,46146
2016/10/31 14:00,2616,2625,2604,2624,2884,46812
2016/10/31 21:00,2624,2638,2593,2617,4294,47238
2016/10/31 22:00,2618,2624,2609,2618,1334,47208
2016/11/01 09:00,2618,2622,2587,2614,3086,47314
2016/11/01 10:00,2616,2632,2611,2626,5418,47402
2016/11/01 11:00,2626,2627,2616,2623,1858,47142
2016/11/01 13:00,2623,2630,2622,2629,2196,46788
2016/11/01 14:00,2628,2630,2600,2609,6484,46402
2016/11/01 21:00,2608,2633,2608,2627,3992,46694
2016/11/01 22:00,2626,2629,2610,2629,3378,46414
2016/11/02 09:00,2628,2643,2607,2617,8808,46494
2016/11/02 10:00,2617,2621,2599,2600,3554,47598
2016/11/02 11:00,2599,2610,2584,2607,2818,48478
2016/11/02 13:00,2607,2614,2603,2604,2002,49232
2016/11/02 14:00,2605,2612,2581,2595,3368,50354
2016/11/02 21:00,2613,2613,2587,2598,3410,51242
2016/11/02 22:00,2598,2600,2587,2590,1710,50984
2016/11/03 09:00,2592,2626,2592,2621,4106,51384
2016/11/03 10:00,2622,2622,2608,2614,1854,51544
2016/11/03 11:00,2614,2627,2614,2623,2962,50624
2016/11/03 13:00,2625,2630,2611,2611,3580,51078
2016/11/03 14:00,2611,2645,2610,2640,5622,50812
2016/11/03 21:00,2640,2661,2640,2649,9482,48892
2016/11/03 22:00,2649,2660,2647,2658,8556,47274
2016/11/04 09:00,2658,2666,2634,2646,8658,46832
2016/11/04 10:00,2646,2654,2630,2651,5134,47228
2016/11/04 11:00,2651,2658,2643,2651,4020,46174
2016/11/04 13:00,2651,2672,2651,2665,4670,45864
2016/11/04 14:00,2664,2678,2638,2640,9522,47100
2016/11/04 21:00,2652,2666,2629,2645,5474,47978
2016/11/04 22:00,2646,2666,2641,2666,2806,47778
2016/11/07 09:00,2671,2694,2653,2693,12172,49098
2016/11/07 10:00,2693,2716,2689,2716,8988,51658
2016/11/07 11:00,2717,2751,2714,2751,5676,52738
2016/11/07 13:00,2751,2812,2751,2812,6370,53794
2016/11/07 14:00,2812,2812,2772,2791,9642,53050
2016/11/07 21:00,2789,2824,2784,2816,10376,53644
2016/11/07 22:00,2816,2820,2796,2800,3640,53880
2016/11/08 09:00,2800,2807,2760,2784,10766,53942
2016/11/08 10:00,2784,2803,2783,2791,2426,53880
2016/11/08 11:00,2791,2799,2784,2793,1406,54070
2016/11/08 13:00,2793,2793,2715,2718,6040,54522
2016/11/08 14:00,2717,2755,2712,2744,5340,54504
2016/11/08 21:00,2744,2842,2724,2827,11182,55810
2016/11/08 22:00,2827,2855,2823,2839,5878,55660
2016/11/09 09:00,2846,2944,2840,2903,18234,57054
2016/11/09 10:00,2904,2925,2872,2919,7850,56554
2016/11/09 11:00,2919,2944,2914,2927,6772,57698
2016/11/09 13:00,2927,2937,2904,2929,4682,57406
2016/11/09 14:00,2929,2939,2919,2938,7792,59276
2016/11/09 21:00,2956,3042,2912,3042,24574,54562
2016/11/09 22:00,3043,3052,2947,2965,16538,53538
2016/11/10 09:00,2970,3010,2906,2931,24994,52792
2016/11/10 10:00,2929,2973,2924,2957,5576,53570
2016/11/10 11:00,2955,2961,2920,2928,3180,53688
2016/11/10 13:00,2935,2966,2923,2955,3298,53730
2016/11/10 14:00,2954,2995,2948,2968,9518,53428
2016/11/10 21:00,2982,3010,2965,2989,13882,53298
2016/11/10 22:00,2992,2993,2966,2980,6636,52294
2016/11/11 09:00,2979,3079,2976,3036,23204,52772
2016/11/11 10:00,3035,3062,3016,3056,9466,53432
2016/11/11 11:00,3057,3064,3042,3063,3424,53164
2016/11/11 13:00,3062,3096,3062,3063,8686,53590
2016/11/11 14:00,3063,3114,3056,3101,14246,55824
2016/11/11 21:00,3100,3196,3039,3091,38388,53832
2016/11/11 22:00,3090,3132,2988,3010,25372,51840
2016/11/14 09:00,3010,3055,2988,3047,19830,50096
2016/11/14 10:00,3048,3109,3038,3081,12686,50242
2016/11/14 11:00,3082,3084,3040,3050,4576,49878
2016/11/14 13:00,3047,3048,2941,2965,10418,50086
2016/11/14 14:00,2964,2988,2953,2982,8104,48938
2016/11/14 21:00,2994,2999,2958,2981,9314,48922
2016/11/14 22:00,2978,2995,2968,2973,3972,48538
2016/11/15 09:00,2978,3038,2976,3021,9174,48448
2016/11/15 10:00,3020,3029,2962,2966,6222,48778
2016/11/15 11:00,2965,2974,2924,2925,9292,49204
2016/11/15 13:00,2924,2924,2883,2883,6566,49506
2016/11/15 14:00,2883,2883,2883,2883,634,49244
2016/11/15 21:00,2845,2863,2792,2821,20096,50278
2016/11/15 22:00,2822,2844,2805,2841,7262,50778
2016/11/16 09:00,2842,2857,2812,2842,8998,50870
2016/11/16 10:00,2842,2845,2824,2824,2942,51090
2016/11/16 11:00,2824,2833,2793,2793,4902,51182
2016/11/16 13:00,2790,2816,2749,2804,14640,50384
2016/11/16 14:00,2800,2843,2800,2841,10076,50568
2016/11/16 21:00,2844,2866,2814,2819,15542,50548
2016/11/16 22:00,2820,2840,2814,2822,8370,50746
2016/11/17 09:00,2822,2822,2787,2797,11380,50966
2016/11/17 10:00,2796,2807,2785,2796,4514,50586
2016/11/17 11:00,2798,2816,2787,2806,4730,50778
2016/11/17 13:00,2806,2840,2806,2828,7836,50952
2016/11/17 14:00,2828,2847,2823,2844,6332,51162
2016/11/17 21:00,2848,2870,2813,2828,17898,51376
2016/11/17 22:00,2827,2851,2823,2831,7408,51994
2016/11/18 09:00,2831,2833,2792,2804,12520,53206
2016/11/18 10:00,2804,2821,2792,2804,7840,54622
2016/11/18 11:00,2802,2805,2789,2792,3302,54596
2016/11/18 13:00,2790,2793,2773,2789,10296,56644
2016/11/18 14:00,2789,2804,2777,2784,9502,56826
2016/11/18 21:00,2796,2803,2734,2743,12912,56080
2016/11/18 22:00,2742,2749,2722,2722,8966,56344
2016/11/21 09:00,2720,2767,2698,2758,16820,59226
2016/11/21 10:00,2759,2769,2750,2764,4586,59958
2016/11/21 11:00,2763,2784,2761,2773,4906,59840
2016/11/21 13:00,2772,2792,2770,2775,4610,60240
2016/11/21 14:00,2776,2787,2740,2742,8326,61516
2016/11/21 21:00,2749,2785,2743,2752,11764,62546
2016/11/21 22:00,2752,2773,2742,2768,6642,62010
2016/11/22 09:00,2785,2910,2780,2885,29616,62562
2016/11/22 10:00,2885,2918,2882,2915,12982,63876
2016/11/22 11:00,2917,2918,2910,2918,3572,63856
2016/11/22 13:00,2918,2918,2888,2890,7124,64238
2016/11/22 14:00,2890,2918,2883,2918,12038,65034
2016/11/22 21:00,2922,2960,2900,2920,30094,62400
2016/11/22 22:00,2920,2974,2920,2972,11146,62466
2016/11/23 09:00,2972,3003,2934,2955,23498,64742
2016/11/23 10:00,2956,2978,2951,2969,6538,65058
2016/11/23 11:00,2971,2980,2956,2972,4234,65654
2016/11/23 13:00,2969,2972,2952,2967,4550,66068
2016/11/23 14:00,2966,2989,2927,2984,15484,68172
2016/11/23 21:00,2989,2989,2924,2941,21958,67918
2016/11/23 22:00,2941,2962,2931,2959,10930,67456
2016/11/24 09:00,2990,3065,2990,3047,31910,64734
2016/11/24 10:00,3047,3087,3047,3063,17254,66194
2016/11/24 11:00,3063,3090,3061,3075,9896,65690
2016/11/24 13:00,3075,3084,3043,3060,6958,65446
2016/11/24 14:00,3060,3064,3002,3018,17766,64998
2016/11/24 21:00,3015,3039,2991,3031,14958,62668
2016/11/24 22:00,3032,3051,3020,3047,7630,61856
2016/11/25 09:00,3057,3074,3047,3059,16378,64706
2016/11/25 10:00,3060,3138,3054,3137,17086,67624
2016/11/25 11:00,3138,3209,3138,3171,22200,68070
2016/11/25 13:00,3171,3229,3170,3207,17912,70530
2016/11/25 14:00,3207,3231,3206,3231,14410,70602
2016/11/25 21:00,3228,3268,3170,3193,24588,72084
2016/11/25 22:00,3193,3236,3182,3218,11996,73196
2016/11/28 09:00,3233,3321,3233,3275,30612,71796
2016/11/28 10:00,3279,3293,3260,3272,12616,69986
2016/11/28 11:00,3271,3282,3245,3281,6214,69516
2016/11/28 13:00,3285,3338,3285,3314,19158,69820
2016/11/28 14:00,3314,3327,3283,3308,19946,68556
2016/11/28 21:00,3281,3307,3233,3257,22350,69314
2016/11/28 22:00,3257,3317,3256,3317,11652,69858
2016/11/29 09:00,3310,3310,3252,3253,17320,70790
2016/11/29 10:00,3253,3287,3225,3261,15764,70326
2016/11/29 11:00,3260,3271,3172,3172,17984,68218
2016/11/29 13:00,3171,3171,3088,3115,22928,65548
2016/11/29 14:00,3115,3145,3047,3050,24708,66706
2016/11/29 21:00,3050,3070,3016,3048,25824,66160
2016/11/29 22:00,3050,3057,3000,3007,15996,66204
2016/11/30 09:00,3007,3038,2999,3025,16446,67106
2016/11/30 10:00,3025,3030,2982,2982,10792,67612
2016/11/30 11:00,2983,2983,2982,2982,2254,67372
2016/11/30 13:00,2982,2992,2982,2982,5794,66628
2016/11/30 14:00,2982,2982,2982,2982,332,66454
2016/11/30 21:00,2981,3033,2970,3003,25172,65554
2016/11/30 22:00,3004,3035,2953,3002,21890,65816
2016/12/01 09:00,2991,3042,2979,3042,24962,67912
2016/12/01 10:00,3042,3096,3033,3077,19500,69374
2016/12/01 11:00,3077,3108,3066,3108,17674,69866
2016/12/01 13:00,3108,3191,3108,3187,23140,70556
2016/12/01 14:00,3188,3189,3116,3159,48498,74084
2016/12/01 21:00,3174,3198,3107,3136,37402,79514
2016/12/01 22:00,3134,3172,3122,3152,21068,79722
2016/12/02 09:00,3150,3152,3090,3126,27850,80384
2016/12/02 10:00,3126,3137,3103,3110,13074,83770
2016/12/02 11:00,3109,3129,3040,3041,20274,87018
2016/12/02 13:00,3018,3043,3008,3029,18606,88680
2016/12/02 14:00,3029,3088,2984,3087,34644,89558
2016/12/02 21:00,3090,3090,3041,3069,22752,89662
2016/12/02 22:00,3069,3113,3054,3066,13556,89108
2016/12/05 09:00,3059,3087,3020,3087,31976,89696
2016/12/05 10:00,3085,3164,3077,3163,26722,92914
2016/12/05 11:00,3163,3184,3140,3183,22100,89138
2016/12/05 13:00,3184,3193,3153,3163,13282,90986
2016/12/05 14:00,3166,3180,3144,3168,15100,91338
2016/12/05 21:00,3170,3200,3159,3196,17474,91128
2016/12/05 22:00,3194,3214,3181,3201,16940,90284
2016/12/06 09:00,3204,3228,3161,3178,25516,93830
2016/12/06 10:00,3176,3193,3149,3180,12704,94078
2016/12/06 11:00,3179,3207,3156,3162,10994,93364
2016/12/06 13:00,3161,3182,3161,3164,7148,93820
2016/12/06 14:00,3164,3190,3160,3183,11860,93172
2016/12/06 21:00,3183,3256,3182,3256,25738,96462
2016/12/06 22:00,3257,3278,3236,3275,16096,97214
2016/12/07 09:00,3288,3323,3278,3323,29844,102160
2016/12/07 10:00,3321,3363,3296,3362,22264,103272
2016/12/07 11:00,3362,3385,3307,3331,21134,102416
2016/12/07 13:00,3333,3360,3333,3348,11494,103448
2016/12/07 14:00,3347,3361,3325,3343,19132,103786
2016/12/07 21:00,3345,3378,3338,3353,26436,102228
2016/12/07 22:00,3351,3372,3319,3320,15446,101934
2016/12/08 09:00,3312,3327,3256,3279,31970,101518
2016/12/08 10:00,3280,3320,3280,3317,10992,101526
2016/12/08 11:00,3317,3328,3280,3297,11004,101102
2016/12/08 13:00,3298,3321,3294,3313,7018,101894
2016/12/08 14:00,3314,3353,3311,3352,24182,104080
2016/12/08 21:00,3354,3367,3293,3321,28548,105044
2016/12/08 22:00,3320,3347,3253,3253,29932,103772
2016/12/09 09:00,3225,3244,3182,3205,36366,103494
2016/12/09 10:00,3201,3264,3193,3258,18264,105202
2016/12/09 11:00,3258,3312,3244,3312,19316,109756
2016/12/09 13:00,3315,3325,3287,3295,14750,113892
2016/12/09 14:00,3296,3327,3268,3298,23070,113512
2016/12/09 21:00,3315,3336,3261,3263,31352,111086
2016/12/09 22:00,3265,3311,3260,3307,19124,111458
2016/12/12 09:00,3378,3488,3378,3435,69230,122230
2016/12/12 10:00,3435,3444,3420,3433,12414,123940
2016/12/12 11:00,3435,3444,3421,3424,11340,128152
2016/12/12 13:00,3423,3436,3400,3409,13646,129274
2016/12/12 14:00,3410,3425,3377,3380,21716,127062
2016/12/12 21:00,3384,3427,3357,3416,27378,127910
2016/12/12 22:00,3413,3419,3380,3397,14912,128264
2016/12/13 09:00,3414,3422,3391,3404,15340,129206
2016/12/13 10:00,3406,3435,3397,3401,13294,129802
2016/12/13 11:00,3400,3411,3385,3396,6936,130138
2016/12/13 13:00,3398,3402,3381,3386,5392,131170
2016/12/13 14:00,3387,3437,3385,3435,21818,133408
2016/12/13 21:00,3430,3430,3386,3416,28038,133820
2016/12/13 22:00,3417,3417,3350,3350,19170,135308
2016/12/14 09:00,3336,3373,3328,3347,29556,137330
2016/12/14 10:00,3347,3363,3293,3300,22978,138922
2016/12/14 11:00,3300,3317,3267,3315,24974,138348
2016/12/14 13:00,3321,3340,3316,3336,11522,137966
2016/12/14 14:00,3339,3344,3300,3309,21312,137406
2016/12/14 21:00,3309,3309,3240,3268,45408,134478
2016/12/14 22:00,3267,3279,3252,3266,12116,134346
2016/12/15 09:00,3267,3316,3257,3265,37852,135136
2016/12/15 10:00,3264,3329,3256,3327,16704,136952
2016/12/15 11:00,3328,3345,3309,3340,12246,137196
2016/12/15 13:00,3350,3371,3342,3365,18392,139556
2016/12/15 14:00,3365,3378,3326,3349,31918,141180
2016/12/15 21:00,3320,3324,3284,3308,31044,140396
2016/12/15 22:00,3308,3333,3299,3312,14228,139762
2016/12/16 09:00,3318,3342,3288,3309,27264,138586
2016/12/16 10:00,3310,3316,3296,3301,9984,137744
2016/12/16 11:00,3301,3322,3278,3309,15306,137532
2016/12/16 13:00,3309,3328,3303,3317,9520,137260
2016/12/16 14:00,3317,3325,3230,3234,32632,139778
2016/12/16 21:00,3222,3235,3203,3220,25420,141426
2016/12/16 22:00,3220,3242,3197,3209,20644,141372
2016/12/19 09:00,3195,3218,3180,3201,35542,142042
2016/12/19 10:00,3201,3210,3171,3177,14676,143134
2016/12/19 11:00,3177,3209,3171,3200,12922,141626
2016/12/19 13:00,3200,3219,3197,3204,12020,141052
2016/12/19 14:00,3204,3207,3116,3120,26720,142430
2016/12/19 21:00,3115,3125,3096,3106,37600,140678
2016/12/19 22:00,3105,3111,3071,3105,27542,139462
2016/12/20 09:00,3117,3137,3108,3115,26298,138500
2016/12/20 10:00,3116,3128,3098,3122,14004,138916
2016/12/20 11:00,3123,3124,3090,3102,11810,139664
2016/12/20 13:00,3102,3103,3081,3085,11944,140456
2016/12/20 14:00,3084,3135,3078,3111,31546,139236
2016/12/20 21:00,3110,3148,3108,3123,20890,139378
2016/12/20 22:00,3123,3130,3103,3123,12476,138872
2016/12/21 09:00,3126,3145,3121,3137,16934,138476
2016/12/21 10:00,3137,3141,3063,3075,29028,139596
2016/12/21 11:00,3075,3090,3041,3089,21810,139446
2016/12/21 13:00,3086,3123,3086,3116,18314,137678
2016/12/21 14:00,3116,3135,3086,3117,29190,136404
2016/12/21 21:00,3115,3120,3095,3115,21664,137178
2016/12/21 22:00,3115,3123,3094,3104,12822,136542
2016/12/22 09:00,3104,3119,3081,3082,23828,136628
2016/12/22 10:00,3081,3094,3070,3072,15910,139572
2016/12/22 11:00,3072,3074,3031,3032,21730,143174
2016/12/22 13:00,3033,3034,3015,3021,26566,146870
2016/12/22 14:00,3021,3027,2977,2977,44096,153152
2016/12/22 21:00,2973,2987,2963,2968,25200,154170
2016/12/22 22:00,2967,3010,2963,2999,22890,153088
2016/12/23 09:00,3004,3015,2966,2973,24730,154382
2016/12/23 10:00,2974,2985,2950,2957,24124,156194
2016/12/23 11:00,2957,2970,2945,2951,20062,155826
2016/12/23 13:00,2951,2951,2926,2951,23698,156894
2016/12/23 14:00,2951,2964,2923,2943,38740,157764
2016/12/23 21:00,2934,2970,2930,2955,29836,157020
2016/12/23 22:00,2956,2964,2928,2928,23314,156638
2016/12/26 09:00,2920,2933,2821,2851,94082,172666
2016/12/26 10:00,2851,2869,2825,2846,35664,175420
2016/12/26 11:00,2846,2892,2818,2876,34510,174448
2016/12/26 13:00,2876,2881,2858,2879,12884,175684
2016/12/26 14:00,2878,2894,2872,2887,30016,175036
2016/12/26 21:00,2893,2914,2885,2891,27750,174712
2016/12/26 22:00,2891,2891,2860,2861,22980,173066
2016/12/27 09:00,2850,2898,2848,2895,38926,172656
2016/12/27 10:00,2897,2897,2857,2877,20386,172028
2016/12/27 11:00,2877,2898,2856,2898,12716,171478
2016/12/27 13:00,2898,2936,2898,2936,31614,170984
2016/12/27 14:00,2936,2961,2919,2960,31180,170298
2016/12/27 21:00,2960,2965,2924,2950,37440,168962
2016/12/27 22:00,2949,2964,2927,2957,31432,166928
2016/12/28 09:00,2982,3021,2975,3012,54272,169440
2016/12/28 10:00,3011,3014,2983,2991,19636,168518
2016/12/28 11:00,2991,3003,2978,2994,14440,170500
2016/12/28 13:00,2999,3001,2948,2955,21180,172980
2016/12/28 14:00,2956,2964,2930,2937,46250,179894
2016/12/28 21:00,2947,2947,2876,2889,49640,179910
2016/12/28 22:00,2889,2945,2886,2915,31344,176674
2016/12/29 09:00,2917,2926,2892,2897,28324,177732
2016/12/29 10:00,2897,2912,2885,2889,23978,180422
2016/12/29 11:00,2890,2926,2866,2926,37100,184080
2016/12/29 13:00,2927,2934,2910,2920,16846,183714
2016/12/29 14:00,2921,2925,2889,2909,42234,191774
2016/12/29 21:00,2905,2925,2889,2905,24994,193138
2016/12/29 22:00,2905,2908,2861,2861,25598,193896
2016/12/30 09:00,2860,2882,2846,2867,41902,196768
2016/12/30 10:00,2867,2874,2855,2869,15480,196368
2016/12/30 11:00,2868,2877,2852,2860,11600,196698
2016/12/30 13:00,2860,2870,2843,2863,15288,199640
2016/12/30 14:00,2863,2866,2831,2831,34326,197362
2017/01/03 09:00,2840,2947,2840,2896,67098,194794
2017/01/03 10:00,2897,2913,2884,2913,20140,191444
2017/01/03 11:00,2914,2916,2884,2894,12284,192054
2017/01/03 13:00,2895,2898,2884,2889,8588,193256
2017/01/03 14:00,2888,2888,2806,2821,63892,197798
2017/01/03 21:00,2826,2841,2803,2830,43370,198346
2017/01/03 22:00,2831,2836,2810,2833,21300,197958
2017/01/04 09:00,2827,2833,2811,2816,21636,200260
2017/01/04 10:00,2816,2850,2795,2839,39864,203262
2017/01/04 11:00,2839,2897,2839,2895,37778,206344
2017/01/04 13:00,2896,2899,2867,2874,22452,208404
2017/01/04 14:00,2875,2908,2847,2881,60128,216428
2017/01/04 21:00,2881,2902,2877,2887,27150,216308
2017/01/04 22:00,2887,2899,2871,2888,24832,212776
2017/01/05 09:00,2898,2912,2873,2873,26382,213762
2017/01/05 10:00,2873,2904,2868,2902,16960,214494
2017/01/05 11:00,2902,2939,2902,2937,29666,216588
2017/01/05 13:00,2940,2946,2924,2930,20438,217400
2017/01/05 14:00,2931,2933,2893,2895,38120,216808
2017/01/05 21:00,2891,2900,2881,2891,19996,217478
2017/01/05 22:00,2889,2916,2885,2904,23528,217280
2017/01/06 09:00,2902,2927,2894,2917,22358,218250
2017/01/06 10:00,2918,2935,2913,2922,25208,218940
2017/01/06 11:00,2923,2929,2870,2872,29960,220874
2017/01/06 13:00,2871,2879,2865,2870,22682,221426
2017/01/06 14:00,2870,2875,2845,2857,46694,221026
2017/01/06 21:00,2857,2872,2853,2861,21696,220892
2017/01/06 22:00,2861,2869,2845,2860,20444,219556
2017/01/09 09:00,2840,2916,2840,2914,58168,218444
2017/01/09 10:00,2915,2924,2902,2914,20898,219522
2017/01/09 11:00,2915,2929,2906,2928,19510,220128
2017/01/09 13:00,2927,2936,2913,2920,12524,219892
2017/01/09 14:00,2920,2985,2895,2984,72980,226908
2017/01/09 21:00,2983,2988,2966,2980,30256,224838
2017/01/09 22:00,2981,3011,2975,3004,33704,224798
2017/01/10 09:00,3008,3014,2990,3004,25700,224328
2017/01/10 10:00,3005,3074,2985,3049,66054,227902
2017/01/10 11:00,3050,3077,3048,3064,21996,227230
2017/01/10 13:00,3064,3100,3062,3093,38216,225940
2017/01/10 14:00,3093,3108,3082,3108,32274,227366
2017/01/10 21:00,3113,3125,3105,3119,52938,228152
2017/01/10 22:00,3119,3131,3109,3126,31974,226354
2017/01/11 09:00,3125,3125,3080,3100,50116,231902
2017/01/11 10:00,3101,3113,3096,3102,25562,229294
2017/01/11 11:00,3101,3109,3090,3098,15024,229086
2017/01/11 13:00,3097,3103,3088,3100,15304,230116
2017/01/11 14:00,3100,3126,3071,3109,64216,231306
2017/01/11 21:00,3103,3109,3089,3106,29040,230712
2017/01/11 22:00,3106,3160,3101,3158,47810,230222
2017/01/12 09:00,3155,3174,3141,3162,41656,232786
2017/01/12 10:00,3162,3180,3158,3172,21530,234372
2017/01/12 11:00,3172,3186,3110,3136,43700,236284
2017/01/12 13:00,3134,3139,3118,3134,25630,238268
2017/01/12 14:00,3135,3155,3126,3126,41010,235006
2017/01/12 21:00,3139,3161,3135,3148,41614,236098
2017/01/12 22:00,3148,3164,3124,3146,37980,234308
2017/01/13 09:00,3149,3153,3121,3132,38776,235876
2017/01/13 10:00,3132,3135,3107,3118,31314,240208
2017/01/13 11:00,3119,3131,3118,3122,8642,240556
2017/01/13 13:00,3119,3124,3100,3103,17580,242808
2017/01/13 14:00,3102,3126,3090,3112,45938,241012
2017/01/13 21:00,3103,3115,3097,3106,20778,241284
2017/01/13 22:00,3106,3155,3101,3151,37428,238754
2017/01/16 09:00,3215,3321,3200,3310,101732,237898
2017/01/16 10:00,3310,3331,3286,3295,52718,244694
2017/01/16 11:00,3296,3300,3263,3271,33634,250638
2017/01/16 13:00,3272,3286,3264,3271,17548,252944
2017/01/16 14:00,3272,3296,3260,3284,54488,253460
2017/01/16 21:00,3277,3299,3268,3291,27976,254802
2017/01/16 22:00,3291,3309,3279,3286,34394,250596
2017/01/17 09:00,3283,3288,3240,3241,61410,247664
2017/01/17 10:00,3240,3255,3221,3254,40558,248934
2017/01/17 11:00,3254,3255,3194,3194,39942,247598
2017/01/17 13:00,3180,3219,3179,3215,34728,247126
2017/01/17 14:00,3214,3238,3201,3223,44380,243770
2017/01/17 21:00,3222,3229,3191,3195,43988,248840
2017/01/17 22:00,3194,3278,3192,3276,52656,247260
2017/01/18 09:00,3263,3263,3200,3214,51166,247248
2017/01/18 10:00,3213,3232,3186,3205,45756,248858
2017/01/18 11:00,3205,3220,3200,3207,14238,249114
2017/01/18 13:00,3206,3236,3206,3231,23060,246028
2017/01/18 14:00,3231,3248,3215,3216,42192,245456
2017/01/18 21:00,3210,3244,3206,3223,47624,239612
2017/01/18 22:00,3222,3236,3174,3187,59632,239100
2017/01/19 09:00,3206,3208,3175,3178,71220,234818
2017/01/19 10:00,3178,3207,3175,3193,32958,231618
2017/01/19 11:00,3193,3220,3192,3212,21826,231724
2017/01/19 13:00,3211,3211,3195,3199,21110,230696
2017/01/19 14:00,3198,3222,3193,3205,51362,230406
2017/01/19 21:00,3204,3220,3197,3213,34786,232658
2017/01/19 22:00,3214,3235,3195,3204,41048,229044
2017/01/20 09:00,3198,3226,3195,3218,33372,230916
2017/01/20 10:00,3219,3224,3206,3220,14774,230440
2017/01/20 11:00,3220,3223,3203,3210,15284,230462
2017/01/20 13:00,3209,3218,3195,3201,23980,231830
2017/01/20 14:00,3200,3202,3150,3150,96734,232974
2017/01/20 21:00,3155,3155,3114,3119,46098,233780
2017/01/20 22:00,3120,3135,3108,3111,36438,229022
2017/01/23 09:00,3111,3150,3101,3148,59164,231950
2017/01/23 10:00,3148,3156,3132,3139,17674,233152
2017/01/23 11:00,3139,3145,3122,3142,27272,235286
2017/01/23 13:00,3143,3145,3132,3136,11222,236326
2017/01/23 14:00,3136,3142,3126,3133,27588,235758
2017/01/23 21:00,3133,3165,3130,3153,57260,240510
2017/01/23 22:00,3153,3170,3144,3170,29354,240468
2017/01/24 09:00,3173,3233,3161,3233,71950,244940
2017/01/24 10:00,3233,3276,3224,3234,83092,247984
2017/01/24 11:00,3235,3247,3228,3242,20402,248514
2017/01/24 13:00,3253,3253,3235,3240,17576,250578
2017/01/24 14:00,3239,3245,3214,3233,38476,248070
2017/01/24 21:00,3235,3243,3200,3200,28824,248384
2017/01/24 22:00,3202,3216,3190,3215,35676,247162
2017/01/25 09:00,3216,3227,3200,3223,28828,247474
2017/01/25 10:00,3225,3245,3220,3235,29976,249298
2017/01/25 11:00,3235,3250,3227,3235,17336,250372
2017/01/25 13:00,3235,3240,3228,3235,16204,252766
2017/01/25 14:00,3234,3236,3205,3230,38894,250914
2017/01/25 21:00,3226,3270,3225,3262,55678,256518
2017/01/25 22:00,3262,3266,3229,3239,42496,258930
2017/01/26 09:00,3240,3258,3235,3252,23814,260364
2017/01/26 10:00,3251,3270,3250,3269,15200,260658
2017/01/26 11:00,3268,3274,3251,3259,12260,261022
2017/01/26 13:00,3259,3268,3255,3263,11192,261644
2017/01/26 14:00,3263,3288,3261,3283,59624,261782
2017/02/03 09:00,3262,3275,3007,3136,114308,261516
2017/02/03 10:00,3135,3139,3100,3102,72988,263214
2017/02/03 11:00,3101,3105,3075,3081,61176,271606
2017/02/03 13:00,3082,3112,3082,3108,34250,275330
2017/02/03 14:00,3107,3111,3089,3089,44312,281574
2017/02/03 21:00,3088,3102,3074,3089,43472,286674
2017/02/03 22:00,3088,3112,3052,3059,67958,288288
2017/02/06 09:00,3066,3078,3042,3060,101712,302376
2017/02/06 10:00,3059,3071,3045,3058,58214,304514
2017/02/06 11:00,3058,3066,3047,3059,34372,307636
2017/02/06 13:00,3060,3066,3050,3054,23584,309772
2017/02/06 14:00,3054,3077,3046,3057,104750,307882
2017/02/06 21:00,3060,3072,3042,3065,67772,313728
2017/02/06 22:00,3066,3079,3055,3063,61362,311350
2017/02/07 09:00,3064,3077,3057,3077,92402,318840
2017/02/07 10:00,3077,3088,3060,3087,67528,323154
2017/02/07 11:00,3087,3109,3082,3107,85518,322356
2017/02/07 13:00,3108,3118,3102,3116,95842,327728
2017/02/07 14:00,3116,3119,3096,3109,100426,330610
2017/02/07 21:00,3112,3117,3052,3112,144280,328302
2017/02/07 22:00,3112,3113,3094,3095,76564,330116
2017/02/08 09:00,3095,3173,3086,3173,142816,341090
2017/02/08 10:00,3173,3177,3140,3146,90554,342930
2017/02/08 11:00,3146,3157,3128,3154,64468,346558
2017/02/08 13:00,3153,3157,3141,3151,40168,348446
2017/02/08 14:00,3151,3176,3151,3175,76564,356862
2017/02/08 21:00,3177,3189,3158,3169,107210,380460
2017/02/08 22:00,3169,3190,3157,3167,101446,381462
2017/02/09 09:00,3167,3179,3162,3174,34646,381996
2017/02/09 10:00,3175,3197,3173,3195,35988,386016
2017/02/09 11:00,3196,3202,3182,3189,24914,385844
2017/02/09 13:00,3189,3193,3177,3181,24400,388176
2017/02/09 14:00,3181,3184,3143,3148,102586,393464
2017/02/09 21:00,3146,3190,3130,3182,107632,397296
2017/02/09 22:00,3188,3198,3180,3191,82238,401288
2017/02/10 09:00,3188,3197,3167,3197,86884,412164
2017/02/10 10:00,3197,3197,3173,3180,43592,412066
2017/02/10 11:00,3180,3188,3177,3183,26040,411570
2017/02/10 13:00,3187,3251,3185,3251,126806,424988
2017/02/10 14:00,3251,3309,3246,3263,312010,438768
2017/02/10 21:00,3277,3290,3268,3283,103346,441908
2017/02/10 22:00,3283,3303,3278,3296,134152,442522
2017/02/13 09:00,3335,3366,3308,3333,215810,439854
2017/02/13 10:00,3333,3359,3330,3355,113580,447580
2017/02/13 11:00,3356,3358,3338,3350,74892,449950
2017/02/13 13:00,3352,3372,3351,3356,120308,460752
2017/02/13 14:00,3356,3369,3349,3363,101272,466552
2017/02/13 21:00,3366,3380,3355,3365,84440,474302
2017/02/13 22:00,3365,3365,3331,3344,67114,475926
2017/02/14 09:00,3345,3370,3309,3310,195902,478200
2017/02/14 10:00,3310,3352,3309,3342,93858,467372
2017/02/14 11:00,3342,3351,3336,3337,42784,474510
2017/02/14 13:00,3339,3341,3325,3337,37808,478798
2017/02/14 14:00,3337,3366,3333,3363,106594,482710
2017/02/14 21:00,3365,3375,3289,3312,140268,471420
2017/02/14 22:00,3312,3356,3310,3334,151698,477260
2017/02/15 09:00,3317,3345,3313,3345,133606,478390
2017/02/15 10:00,3344,3350,3336,3346,68922,485396
2017/02/15 11:00,3346,3354,3338,3344,52528,493418
2017/02/15 13:00,3344,3356,3343,3351,59018,496464
2017/02/15 14:00,3351,3358,3316,3317,177920,495246
2017/02/15 21:00,3300,3309,3289,3300,190080,511046
2017/02/15 22:00,3299,3307,3286,3296,145952,497962
2017/02/16 09:00,3302,3341,3294,3338,129690,521430
2017/02/16 10:00,3337,3347,3334,3345,56806,525604
2017/02/16 11:00,3345,3364,3330,3364,89580,519958
2017/02/16 13:00,3375,3411,3375,3403,169752,541294
2017/02/16 14:00,3404,3410,3309,3312,479482,539098
2017/02/16 21:00,3308,3349,3308,3336,128354,542560
2017/02/16 22:00,3334,3350,3326,3337,68464,537384
2017/02/17 09:00,3351,3375,3345,3359,153692,557288
2017/02/17 10:00,3359,3371,3334,3365,131686,562188
2017/02/17 11:00,3365,3369,3348,3362,53094,560848
2017/02/17 13:00,3364,3373,3336,3347,84256,560184
2017/02/17 14:00,3348,3368,3333,3360,113864,563452
2017/02/17 21:00,3372,3404,3361,3374,181990,581814
2017/02/17 22:00,3374,3378,3351,3374,90602,583252
2017/02/20 09:00,3373,3408,3341,3403,274176,600152
2017/02/20 10:00,3404,3406,3386,3396,67158,603290
2017/02/20 11:00,3396,3415,3368,3390,102828,603642
2017/02/20 13:00,3393,3402,3392,3399,52208,611414
2017/02/20 14:00,3399,3412,3394,3404,105532,613384
2017/02/20 21:00,3419,3435,3414,3427,87954,618982
2017/02/20 22:00,3427,3440,3420,3440,52290,620740
2017/02/21 09:00,3457,3480,3450,3462,169248,616238
2017/02/21 10:00,3462,3473,3454,3467,45036,616240
2017/02/21 11:00,3467,3468,3437,3441,64312,620488
2017/02/21 13:00,3441,3450,3430,3440,39956,624080
2017/02/21 14:00,3441,3450,3423,3434,88598,622916
2017/02/21 21:00,3436,3448,3427,3433,75194,622626
2017/02/21 22:00,3433,3439,3400,3411,93452,624008
2017/02/22 09:00,3411,3417,3389,3409,93414,630486
2017/02/22 10:00,3409,3439,3405,3414,68750,630754
2017/02/22 11:00,3414,3414,3394,3402,62230,632196
2017/02/22 13:00,3402,3406,3382,3396,99006,637340
2017/02/22 14:00,3397,3412,3390,3399,95356,624152
2017/02/22 21:00,3389,3408,3378,3406,83810,624562
2017/02/22 22:00,3406,3407,3395,3405,50336,620648
2017/02/23 09:00,3405,3435,3404,3424,144740,627796
2017/02/23 10:00,3423,3440,3415,3428,75546,636692
2017/02/23 11:00,3428,3431,3421,3428,20510,637624
2017/02/23 13:00,3428,3433,3375,3378,166864,640354
2017/02/23 14:00,3379,3380,3341,3367,282576,647568
2017/02/23 21:00,3380,3391,3370,3373,128628,650324
2017/02/23 22:00,3373,3378,3363,3376,83078,655616
2017/02/24 09:00,3325,3332,3283,3305,279420,656014
2017/02/24 10:00,3304,3326,3300,3319,52418,660994
2017/02/24 11:00,3318,3319,3310,3314,30636,662040
2017/02/24 13:00,3316,3351,3316,3348,73440,664470
2017/02/24 14:00,3348,3385,3336,3382,164180,676148
2017/02/24 21:00,3380,3399,3365,3372,139580,677366
2017/02/24 22:00,3373,3407,3371,3406,134802,670076
2017/02/27 09:00,3436,3487,3421,3487,347774,667084
2017/02/27 10:00,3487,3491,3465,3477,137232,669550
2017/02/27 11:00,3477,3478,3454,3458,72748,670754
2017/02/27 13:00,3458,3461,3438,3443,104342,682200
2017/02/27 14:00,3443,3467,3433,3463,148674,688816
2017/02/27 21:00,3460,3466,3439,3455,99196,695718
2017/02/27 22:00,3455,3457,3434,3444,75378,689916
2017/02/28 09:00,3456,3465,3445,3455,104564,692580
2017/02/28 10:00,3455,3460,3401,3405,160062,701944
2017/02/28 11:00,3404,3430,3392,3428,105114,708360
2017/02/28 13:00,3429,3434,3418,3420,56980,709752
2017/02/28 14:00,3419,3425,3325,3327,280756,712302
2017/02/28 21:00,3335,3353,3325,3345,156524,709168
2017/02/28 22:00,3346,3375,3340,3351,132114,703920
2017/03/01 09:00,3355,3373,3347,3373,148234,708136
2017/03/01 10:00,3373,3395,3370,3387,120808,711588
2017/03/01 11:00,3386,3410,3380,3410,82618,717342
2017/03/01 13:00,3414,3420,3385,3385,96776,719170
2017/03/01 14:00,3385,3396,3362,3388,215114,723850
2017/03/01 21:00,3388,3397,3374,3379,112690,724366
2017/03/01 22:00,3379,3392,3369,3386,99780,722410
2017/03/02 09:00,3395,3419,3392,3418,149592,710752
2017/03/02 10:00,3420,3424,3392,3400,81732,713828
2017/03/02 11:00,3399,3410,3377,3378,86092,709242
2017/03/02 13:00,3375,3392,3371,3388,87554,703474
2017/03/02 14:00,3388,3405,3379,3397,138372,695020
2017/03/02 21:00,3408,3408,3335,3346,307314,698242
2017/03/02 22:00,3345,3360,3336,3340,136808,694186
2017/03/03 09:00,3318,3329,3305,3325,192824,709060
2017/03/03 10:00,3324,3336,3321,3332,86610,720910
2017/03/03 11:00,3333,3335,3308,3324,67622,734684
2017/03/03 13:00,3325,3343,3324,3337,97646,746066
2017/03/03 14:00,3337,3377,3331,3373,252990,744934
2017/03/03 21:00,3378,3385,3335,3342,177314,752622
2017/03/03 22:00,3342,3371,3340,3359,144394,747838
2017/03/06 09:00,3347,3365,3310,3325,263778,775346
2017/03/06 10:00,3325,3336,3298,3317,165574,795106
2017/03/06 11:00,3317,3317,3285,3287,125138,802938
2017/03/06 13:00,3286,3308,3279,3305,174258,814880
2017/03/06 14:00,3305,3306,3277,3284,251820,821958
2017/03/06 21:00,3280,3314,3267,3310,152796,822340
2017/03/06 22:00,3310,3324,3291,3315,155908,827818
2017/03/07 09:00,3316,3335,3314,3328,162924,842800
2017/03/07 10:00,3328,3336,3321,3329,86990,846372
2017/03/07 11:00,3329,3336,3320,3329,57574,850822
2017/03/07 13:00,3328,3329,3286,3287,165822,868552
2017/03/07 14:00,3287,3323,3286,3321,190730,873568
2017/03/07 21:00,3320,3325,3312,3318,115614,877702
2017/03/07 22:00,3318,3322,3292,3293,120572,878668
2017/03/08 09:00,3282,3320,3256,3261,373378,896208
2017/03/08 10:00,3260,3286,3247,3250,162964,906914
2017/03/08 11:00,3250,3279,3244,3268,110690,903668
2017/03/08 13:00,3268,3272,3256,3261,52422,906702
2017/03/08 14:00,3261,3264,3232,3236,253684,940036
2017/03/08 21:00,3236,3253,3216,3216,185996,953636
2017/03/08 22:00,3215,3226,3205,3209,221816,952718
2017/03/09 09:00,3206,3208,3155,3178,368170,950228
2017/03/09 10:00,3177,3192,3177,3183,70068,956024
2017/03/09 11:00,3183,3207,3178,3199,103876,955064
2017/03/09 13:00,3201,3219,3199,3200,128788,969762
2017/03/09 14:00,3200,3218,3190,3206,191370,979770
2017/03/09 21:00,3204,3234,3199,3220,256960,979054
2017/03/09 22:00,3220,3226,3208,3221,113964,972948
2017/03/10 09:00,3220,3240,3205,3210,230056,955374
2017/03/10 10:00,3210,3217,3194,3202,132428,966108
2017/03/10 11:00,3200,3215,3199,3211,62124,965644
2017/03/10 13:00,3212,3232,3208,3226,123220,962310
2017/03/10 14:00,3226,3234,3202,3203,195748,973432
2017/03/10 21:00,3207,3223,3191,3214,235978,973106
2017/03/10 22:00,3214,3215,3160,3174,301242,988070
2017/03/13 09:00,3180,3254,3180,3239,427068,965582
2017/03/13 10:00,3239,3256,3227,3245,228834,975218
2017/03/13 11:00,3246,3261,3240,3256,110726,971368
2017/03/13 13:00,3259,3286,3258,3284,205650,956128
2017/03/13 14:00,3283,3343,3276,3342,416548,952258
2017/03/13 21:00,3340,3349,3327,3339,279286,943884
2017/03/13 22:00,3340,3341,3303,3318,193740,932530
2017/03/14 09:00,3318,3322,3277,3278,224702,925512
2017/03/14 10:00,3278,3295,3274,3285,138688,917908
2017/03/14 11:00,3286,3292,3272,3276,71632,916108
2017/03/14 13:00,3274,3285,3270,3277,80014,916372
2017/03/14 14:00,3277,3316,3277,3300,252104,921872
2017/03/14 21:00,3294,3325,3280,3299,366172,933548
2017/03/14 22:00,3299,3396,3293,3368,588290,954932
2017/03/15 09:00,3387,3461,3385,3425,765014,979218
2017/03/15 10:00,3424,3443,3399,3442,317452,998288
2017/03/15 11:00,3442,3446,3417,3431,150816,1001268
2017/03/15 13:00,3435,3452,3411,3419,264664,1010844
2017/03/15 14:00,3419,3428,3402,3415,353088,1006870
2017/03/15 21:00,3412,3433,3406,3418,215276,1020060
2017/03/15 22:00,3417,3429,3402,3417,203608,1014212
2017/03/16 09:00,3421,3448,3384,3385,419834,1058548
2017/03/16 10:00,3385,3396,3365,3394,291896,1076724
2017/03/16 11:00,3394,3395,3374,3385,112592,1084928
2017/03/16 13:00,3385,3401,3384,3393,111372,1096768
2017/03/16 14:00,3393,3445,3392,3439,588474,1184786
2017/03/16 21:00,3435,3439,3393,3407,413484,1202842
2017/03/16 22:00,3407,3421,3385,3388,227642,1210290
2017/03/17 09:00,3395,3409,3369,3391,423368,1205684
2017/03/17 10:00,3391,3393,3376,3379,131660,1216478
2017/03/17 11:00,3380,3395,3371,3386,103206,1216162
2017/03/17 13:00,3384,3385,3341,3345,319386,1255132
2017/03/17 14:00,3345,3390,3345,3369,388978,1243734
2017/03/17 21:00,3370,3378,3345,3365,314424,1248510
2017/03/17 22:00,3365,3383,3356,3377,197864,1255488
2017/03/20 09:00,3397,3428,3382,3417,623312,1265908
2017/03/20 10:00,3416,3421,3399,3417,211390,1281008
2017/03/20 11:00,3417,3424,3412,3419,104440,1284028
2017/03/20 13:00,3417,3418,3353,3353,389736,1303176
2017/03/20 14:00,3354,3365,3318,3334,852460,1382082
2017/03/20 21:00,3341,3348,3297,3314,552268,1415934
2017/03/20 22:00,3314,3321,3290,3292,298342,1430900
2017/03/21 09:00,3278,3302,3247,3265,706842,1496764
2017/03/21 10:00,3266,3278,3232,3232,400258,1508072
2017/03/21 11:00,3232,3266,3224,3253,402802,1514858
2017/03/21 13:00,3253,3264,3239,3253,203202,1537628
2017/03/21 14:00,3253,3255,3229,3229,407242,1550554
2017/03/21 21:00,3218,3234,3209,3226,572764,1600704
2017/03/21 22:00,3226,3243,3220,3221,209028,1595276
2017/03/22 09:00,3217,3217,3165,3179,802384,1659836
2017/03/22 10:00,3180,3192,3158,3170,350242,1688316
2017/03/22 11:00,3170,3171,3144,3147,434388,1736450
2017/03/22 13:00,3148,3148,3120,3130,467550,1796752
2017/03/22 14:00,3130,3130,3108,3117,689260,1832902
2017/03/22 21:00,3119,3155,3118,3135,676372,1856276
2017/03/22 22:00,3135,3169,3120,3164,510142,1844254
2017/03/23 09:00,3167,3177,3155,3167,462834,1868780
2017/03/23 10:00,3169,3174,3145,3155,294938,1885696
2017/03/23 11:00,3156,3167,3151,3161,143222,1886010
2017/03/23 13:00,3161,3182,3152,3153,324246,1895926
2017/03/23 14:00,3154,3165,3121,3127,549366,1967156
2017/03/23 21:00,3130,3180,3097,3179,1164370,1988914
2017/03/23 22:00,3181,3199,3166,3188,672184,2004188
2017/03/24 09:00,3188,3194,3140,3150,716398,2014292
2017/03/24 10:00,3150,3152,3131,3136,395998,2040214
2017/03/24 11:00,3136,3150,3127,3146,362000,2089648
2017/03/24 13:00,3146,3146,3131,3133,204556,2102900
2017/03/24 14:00,3132,3169,3128,3140,800306,2086352
2017/03/24 21:00,3138,3145,3114,3132,668618,2144322
2017/03/27 09:00,3037,3069,3003,3029,1651824,2148838
2017/03/27 10:00,3029,3047,3026,3029,396996,2173126
2017/03/27 11:00,3029,3035,3018,3026,187288,2185138
2017/03/27 13:00,3023,3042,3018,3035,257628,2205552
2017/03/27 14:00,3035,3064,3027,3057,653096,2172364
2017/03/27 21:00,3058,3085,3051,3060,768888,2201414
2017/03/27 22:00,3059,3070,3046,3055,410240,2198142
2017/03/28 09:00,3071,3094,3065,3082,676918,2200812
2017/03/28 10:00,3082,3091,3073,3091,259466,2229100
2017/03/28 11:00,3091,3108,3087,3091,450576,2248038
2017/03/28 13:00,3093,3103,3078,3079,304274,2270278
2017/03/28 14:00,3078,3085,3035,3050,990610,2311302
2017/03/28 21:00,3062,3092,3061,3082,792942,2324622
2017/03/28 22:00,3083,3144,3079,3140,942698,2317330
2017/03/29 09:00,3164,3167,3129,3146,803346,2347608
2017/03/29 10:00,3145,3147,3109,3112,508328,2350992
2017/03/29 11:00,3112,3152,3111,3151,387674,2347366
2017/03/29 13:00,3152,3154,3132,3151,308288,2368894
2017/03/29 14:00,3150,3177,3140,3169,962452,2384386
2017/03/29 21:00,3169,3175,3153,3162,581466,2398524
2017/03/29 22:00,3163,3188,3155,3182,657526,2387850
2017/03/30 09:00,3189,3189,3142,3148,729302,2387054
2017/03/30 10:00,3148,3160,3131,3132,353146,2403308
2017/03/30 11:00,3133,3164,3131,3138,330210,2393402
2017/03/30 13:00,3136,3139,3121,3131,368402,2431544
2017/03/30 14:00,3130,3155,3130,3142,649974,2419084
2017/03/30 21:00,3140,3185,3127,3179,987038,2537838
2017/03/30 22:00,3180,3224,3171,3217,1092590,2517368
2017/03/31 09:00,3200,3204,3155,3164,1003854,2459964
2017/03/31 10:00,3164,3173,3156,3166,396652,2458636
2017/03/31 11:00,3166,3178,3163,3168,249758,2466266
2017/03/31 13:00,3168,3170,3124,3128,733638,2507738
2017/03/31 14:00,3131,3162,3112,3152,1106624,2465042
2017/04/05 09:00,3200,3269,3173,3257,1799144,2487402
2017/04/05 10:00,3257,3261,3245,3257,359606,2526986
2017/04/05 11:00,3257,3260,3242,3245,266308,2528764
2017/04/05 13:00,3245,3278,3237,3276,484528,2554652
2017/04/05 14:00,3277,3285,3201,3222,1458508,2455878
2017/04/05 21:00,3237,3247,3219,3227,801522,2436116
2017/04/05 22:00,3228,3239,3198,3215,916556,2438394
2017/04/06 09:00,3202,3214,3180,3191,950830,2541304
2017/04/06 10:00,3191,3192,3163,3167,592928,2615904
2017/04/06 11:00,3167,3184,3160,3170,424690,2605472
2017/04/06 13:00,3170,3188,3164,3187,370604,2640288
2017/04/06 14:00,3187,3195,3157,3162,899134,2627898
2017/04/06 21:00,3136,3145,3067,3078,1641208,2745436
2017/04/06 22:00,3077,3084,3052,3054,735230,2699010
2017/04/07 09:00,3051,3082,3050,3077,733640,2683424
2017/04/07 10:00,3076,3076,3039,3040,526152,2745662
2017/04/07 11:00,3041,3062,3030,3032,484452,2762938
2017/04/07 13:00,3031,3040,3015,3020,510448,2792638
2017/04/07 14:00,3020,3039,2985,3038,1497166,2754252
2017/04/07 21:00,3030,3051,3029,3043,686000,2783842
2017/04/07 22:00,3042,3058,3031,3049,506216,2727280
2017/04/10 09:00,3052,3053,3005,3007,832818,2763366
2017/04/10 10:00,3006,3026,3002,3006,397714,2782364
2017/04/10 11:00,3007,3023,2997,3013,378754,2773578
2017/04/10 13:00,3014,3035,2987,3023,618694,2771512
2017/04/10 14:00,3023,3031,2997,3000,801516,2804536
2017/04/10 21:00,2990,3029,2950,3024,1278722,2805026
2017/04/10 22:00,3024,3025,3004,3011,684914,2775284
2017/04/11 09:00,3008,3013,2983,2997,746640,2802600
2017/04/11 10:00,2997,3009,2990,2993,299442,2830916
2017/04/11 11:00,2993,3027,2983,3010,618682,2847670
2017/04/11 13:00,3008,3014,2996,3003,260828,2862442
2017/04/11 14:00,3003,3014,2980,2982,611460,2847282
2017/04/11 21:00,2975,2992,2963,2973,908090,2905314
2017/04/11 22:00,2973,2974,2911,2913,1168298,2921596
2017/04/12 09:00,2933,2946,2920,2929,604970,2914440
2017/04/12 10:00,2929,2931,2905,2909,410154,2929508
2017/04/12 11:00,2909,2928,2906,2908,364052,2910604
2017/04/12 13:00,2907,2915,2901,2914,354248,2945220
2017/04/12 14:00,2914,2923,2888,2893,933950,2929150
2017/04/12 21:00,2888,2914,2879,2905,870528,2930592
2017/04/12 22:00,2905,2930,2901,2906,658942,2854872
2017/04/13 09:00,2905,2948,2905,2940,823250,2863504
2017/04/13 10:00,2939,2946,2924,2925,343708,2858654
2017/04/13 11:00,2925,2950,2925,2942,343572,2862122
2017/04/13 13:00,2945,2961,2943,2958,411844,2890600
2017/04/13 14:00,2957,2957,2911,2917,903780,2850832
2017/04/13 21:00,2925,2971,2921,2966,884566,2874524
2017/04/13 22:00,2965,2999,2961,2981,1044306,2806548
2017/04/14 09:00,2977,2997,2930,2944,1336230,2808902
2017/04/14 10:00,2944,2962,2944,2948,519932,2813000
2017/04/14 11:00,2948,2963,2931,2934,401290,2817372
2017/04/14 13:00,2930,2939,2916,2937,549430,2858792
2017/04/14 14:00,2937,2944,2907,2942,940742,2805770
2017/04/14 21:00,2942,2991,2941,2976,1243076,2753000
2017/04/14 22:00,2976,2985,2961,2973,590464,2709230
2017/04/17 09:00,2914,2940,2884,2909,1706598,2739568
2017/04/17 10:00,2909,2926,2907,2914,407328,2752126
2017/04/17 11:00,2914,2923,2904,2911,298188,2779038
2017/04/17 13:00,2911,2913,2902,2910,259142,2813396
2017/04/17 14:00,2909,2926,2893,2912,742558,2765320
2017/04/17 21:00,2917,2929,2904,2922,619020,2798906
2017/04/17 22:00,2923,2924,2890,2894,796856,2795014
2017/04/18 09:00,2895,2897,2863,2870,1017744,2834358
2017/04/18 10:00,2870,2875,2848,2856,554450,2908014
2017/04/18 11:00,2855,2859,2834,2838,452228,2934754
2017/04/18 13:00,2838,2849,2829,2841,442136,2931976
2017/04/18 14:00,2842,2848,2815,2824,946312,2929440
2017/04/18 21:00,2819,2839,2811,2831,761430,2927030
2017/04/18 22:00,2832,2834,2817,2828,466250,2897674
2017/04/19 09:00,2826,2862,2826,2857,904894,2865522
2017/04/19 10:00,2858,2859,2842,2844,321404,2844108
2017/04/19 11:00,2845,2846,2831,2838,315746,2848750
2017/04/19 13:00,2839,2848,2833,2836,237970,2868416
2017/04/19 14:00,2836,2857,2836,2852,657756,2845128
2017/04/19 21:00,2853,2928,2853,2875,924992,2798080
2017/04/19 22:00,2875,2877,2863,2870,388626,2779068
2017/04/20 09:00,2869,2885,2840,2840,837244,2787978
2017/04/20 10:00,2839,2849,2828,2830,495932,2832940
2017/04/20 11:00,2829,2830,2797,2797,707874,2894938
2017/04/20 13:00,2795,2798,2775,2792,783816,2900748
2017/04/20 14:00,2791,2890,2786,2889,2039452,2755486
2017/04/20 21:00,2898,2909,2867,2886,1190330,2783010
2017/04/20 22:00,2886,2944,2876,2918,1342104,2740458
2017/04/21 09:00,2920,2951,2910,2924,1138782,2757194
2017/04/21 10:00,2925,2939,2917,2930,440818,2772520
2017/04/21 11:00,2929,2944,2926,2941,384986,2773702
2017/04/21 13:00,2943,2967,2942,2954,856974,2832886
2017/04/21 14:00,2953,2961,2903,2928,1505936,2718328
2017/04/21 21:00,2923,2935,2914,2924,589246,2766464
2017/04/21 22:00,2925,2942,2907,2928,880988,2714520
2017/04/24 09:00,2900,2900,2854,2859,1476584,2791278
2017/04/24 10:00,2861,2869,2852,2855,461998,2822874
2017/04/24 11:00,2855,2884,2851,2881,500018,2801970
2017/04/24 13:00,2880,2889,2870,2884,337248,2815404
2017/04/24 14:00,2884,2932,2872,2927,1221828,2757128
2017/04/24 21:00,2925,2937,2908,2924,980898,2823122
2017/04/24 22:00,2924,2929,2896,2904,806358,2796012
2017/04/25 09:00,2912,2928,2906,2912,678346,2844488
2017/04/25 10:00,2912,2952,2908,2942,899302,2919982
2017/04/25 11:00,2943,2955,2930,2936,504802,2948892
2017/04/25 13:00,2938,2958,2938,2939,560810,2967088
2017/04/25 14:00,2941,2952,2930,2948,806222,2927716
2017/04/25 21:00,2955,2971,2934,2951,1058194,2970812
2017/04/25 22:00,2951,2976,2945,2967,740306,2943162
2017/04/26 09:00,2967,2980,2960,2977,665464,3015476
2017/04/26 10:00,2977,2991,2965,2988,580632,3068350
2017/04/26 11:00,2987,2997,2983,2997,398226,3102256
2017/04/26 13:00,2999,3032,2999,3015,1051890,3144952
2017/04/26 14:00,3016,3018,2964,2967,1445246,3046648
2017/04/26 21:00,2970,2987,2960,2983,739660,3057784
2017/04/26 22:00,2982,2992,2969,2973,604480,3023244
2017/04/27 09:00,2977,2998,2961,2963,919116,3105088
2017/04/27 10:00,2963,2986,2958,2975,546496,3112370
2017/04/27 11:00,2976,2986,2966,2981,361690,3100064
2017/04/27 13:00,2982,2995,2982,2993,358936,3127062
2017/04/27 14:00,2994,3018,2988,3016,1284444,3152884
2017/04/27 21:00,3035,3051,3026,3046,1413218,3292382
2017/04/27 22:00,3046,3055,3032,3052,898492,3295516
2017/04/28 09:00,3065,3085,3063,3074,1058748,3361650
2017/04/28 10:00,3074,3077,3053,3073,597060,3343688
2017/04/28 11:00,3072,3095,3069,3093,433392,3353948
2017/04/28 13:00,3100,3108,3070,3072,783092,3366886
2017/04/28 14:00,3070,3116,3066,3115,1420370,3301826
2017/05/02 09:00,3152,3160,3134,3145,1218836,3368306
2017/05/02 10:00,3145,3150,3119,3120,580834,3374114
2017/05/02 11:00,3120,3134,3116,3124,391800,3376472
2017/05/02 13:00,3124,3127,3105,3114,395792,3401504
2017/05/02 14:00,3114,3135,3109,3134,762200,3394692
2017/05/02 21:00,3143,3143,3117,3130,659166,3458454
2017/05/02 22:00,3130,3151,3124,3143,603316,3445938
2017/05/03 09:00,3142,3145,3095,3095,1101566,3453634
2017/05/03 10:00,3096,3115,3094,3108,511384,3494770
2017/05/03 11:00,3108,3111,3100,3108,293864,3523740
2017/05/03 13:00,3110,3139,3108,3130,766842,3649300
2017/05/03 14:00,3130,3142,3117,3131,1009296,3672130
2017/05/03 21:00,3120,3126,3071,3081,1767194,3666632
2017/05/03 22:00,3080,3088,3038,3038,1205796,3613964
2017/05/04 09:00,3030,3037,2980,3012,2031278,3557422
2017/05/04 10:00,3012,3032,3004,3017,638858,3582364
2017/05/04 11:00,3017,3023,3001,3002,400404,3580378
2017/05/04 13:00,3002,3017,2969,2972,1036004,3564518
2017/05/04 14:00,2972,2982,2904,2931,2960788,3344158
2017/05/04 21:00,2949,2954,2920,2936,1710022,3427048
2017/05/04 22:00,2936,2946,2925,2936,811946,3360554
2017/05/05 09:00,2935,2937,2896,2927,1476852,3351928
2017/05/05 10:00,2928,2933,2920,2927,338984,3357992
2017/05/05 11:00,2927,2928,2908,2910,425496,3361204
2017/05/05 13:00,2905,2953,2891,2941,1206020,3439724
2017/05/05 14:00,2941,2955,2929,2931,1251170,3396782
2017/05/05 21:00,2948,2993,2948,2972,1327096,3458102
2017/05/05 22:00,2972,3028,2970,3020,1282538,3382542
2017/05/08 09:00,3049,3049,2965,2966,1976376,3484140
2017/05/08 10:00,2967,2986,2966,2977,526826,3497454
2017/05/08 11:00,2978,2979,2934,2939,925100,3535912
2017/05/08 13:00,2938,3021,2933,3014,1541482,3636868
2017/05/08 14:00,3015,3026,2964,3004,2233258,3584572
2017/05/08 21:00,2998,3015,2983,2991,1316078,3673608
2017/05/08 22:00,2990,3008,2988,3004,868652,3659092
2017/05/09 09:00,3008,3035,2982,2984,1504314,3717802
2017/05/09 10:00,2983,3008,2980,3004,709994,3718360
2017/05/09 11:00,3004,3010,2981,2992,524158,3700092
2017/05/09 13:00,2991,3003,2986,2997,427660,3728728
2017/05/09 14:00,2997,3018,2993,3016,899638,3705088
2017/05/09 21:00,3009,3053,3005,3052,1595344,3745908
2017/05/09 22:00,3052,3079,3046,3066,1298826,3696686
2017/05/10 09:00,3053,3064,3035,3037,1244914,3691526
2017/05/10 10:00,3037,3073,3035,3065,860646,3749252
2017/05/10 11:00,3065,3073,3057,3067,460908,3773290
2017/05/10 13:00,3072,3082,3062,3064,648516,3819788
2017/05/10 14:00,3065,3084,3052,3077,1282126,3791240
2017/05/10 21:00,3084,3108,3054,3064,1789318,3835200
2017/05/10 22:00,3063,3070,3037,3055,1419868,3725982
2017/05/11 09:00,3050,3064,2962,2986,2847626,3690976
2017/05/11 10:00,2985,2997,2975,2985,694712,3714682
2017/05/11 11:00,2984,3002,2980,2987,520110,3737652
2017/05/11 13:00,2988,2998,2982,2995,394094,3771934
2017/05/11 14:00,2995,3075,2991,3060,2584558,3700338
2017/05/11 21:00,3068,3078,2996,3004,2359076,3666888
2017/05/11 22:00,3004,3035,2992,3004,1746598,3642854
2017/05/12 09:00,3007,3015,2996,3000,902942,3753476
2017/05/12 10:00,3000,3012,2987,3005,777188,3769370
2017/05/12 11:00,3005,3010,2990,2990,358636,3783010
2017/05/12 13:00,2991,2999,2969,2976,1056298,3850216
2017/05/12 14:00,2975,3000,2939,2941,2211522,3922756
2017/05/12 21:00,2950,2967,2925,2947,1882542,3929060
2017/05/12 22:00,2947,2963,2942,2951,820094,3862660
2017/05/15 09:00,2988,3032,2988,3015,1832112,3789400
2017/05/15 10:00,3015,3016,2983,2991,957080,3786420
2017/05/15 11:00,2991,2996,2979,2994,384348,3783482
2017/05/15 13:00,2995,3003,2988,2989,369910,3816818
2017/05/15 14:00,2990,3012,2987,2991,833126,3777186
2017/05/15 21:00,2997,3005,2964,2971,1322580,3854534
2017/05/15 22:00,2971,3001,2967,2997,710606,3766394
2017/05/16 09:00,2997,3005,2984,2990,858076,3813996
2017/05/16 10:00,2991,3003,2990,2990,362462,3831040
2017/05/16 11:00,2991,2998,2981,2992,372444,3814736
2017/05/16 13:00,2993,2996,2958,2964,820768,3864136
2017/05/16 14:00,2964,3002,2963,2999,1268306,3792070
2017/05/16 21:00,3005,3063,2993,3061,2308586,3897270
2017/05/16 22:00,3060,3065,3043,3058,1044726,3810560
2017/05/17 09:00,3058,3078,3044,3072,1276520,3916382
2017/05/17 10:00,3073,3087,3063,3075,777764,3966330
2017/05/17 11:00,3075,3100,3072,3098,594948,3988104
2017/05/17 13:00,3097,3116,3089,3113,957064,4056248
2017/05/17 14:00,3113,3118,3090,3110,1593544,4042906
2017/05/17 21:00,3111,3124,3103,3117,1163580,4122064
2017/05/17 22:00,3118,3130,3112,3120,773218,4092958
2017/05/18 09:00,3118,3118,3090,3108,1323830,4143410
2017/05/18 10:00,3108,3112,3080,3096,971596,4109682
2017/05/18 11:00,3097,3107,3094,3103,399748,4156944
2017/05/18 13:00,3103,3155,3099,3151,1403760,4341578
2017/05/18 14:00,3151,3159,3139,3144,1634016,4272028
2017/05/18 21:00,3118,3142,3095,3134,2055570,4287858
2017/05/18 22:00,3133,3202,3133,3187,2447370,4351100
2017/05/19 09:00,3205,3223,3189,3207,1651012,4345790
2017/05/19 10:00,3207,3227,3200,3210,688630,4340622
2017/05/19 11:00,3210,3222,3209,3218,305540,4350274
2017/05/19 13:00,3219,3248,3216,3246,800960,4390474
2017/05/19 14:00,3245,3249,3220,3244,1415696,4357650
2017/05/19 21:00,3254,3291,3246,3291,1547028,4471486
2017/05/19 22:00,3290,3349,3282,3334,2152788,4397298
2017/05/22 09:00,3334,3366,3318,3344,1759638,4470358
2017/05/22 10:00,3343,3385,3333,3338,1321454,4488550
2017/05/22 11:00,3337,3346,3318,3339,864140,4494550
2017/05/22 13:00,3339,3354,3333,3351,540528,4557706
2017/05/22 14:00,3350,3359,3333,3342,1038576,4515004
2017/05/22 21:00,3349,3356,3326,3338,1144978,4564132
2017/05/22 22:00,3338,3349,3334,3340,510182,4522410
2017/05/23 09:00,3339,3348,3303,3331,1610594,4531186
2017/05/23 10:00,3330,3339,3313,3326,661336,4512832
2017/05/23 11:00,3326,3331,3308,3315,468402,4506378
2017/05/23 13:00,3312,3312,3289,3293,960984,4513296
2017/05/23 14:00,3293,3314,3285,3295,1290886,4416246
2017/05/23 21:00,3288,3298,3269,3288,1474290,4472726
2017/05/23 22:00,3288,3311,3275,3301,1189402,4394552
2017/05/24 09:00,3304,3317,3291,3300,1012610,4392666
2017/05/24 10:00,3299,3301,3226,3241,2011820,4343162
2017/05/24 11:00,3241,3246,3209,3216,1149446,4295452
2017/05/24 13:00,3215,3242,3191,3231,1294028,4348746
2017/05/24 14:00,3230,3261,3222,3246,1629286,4330496
2017/05/24 21:00,3247,3265,3228,3246,1393642,4398504
2017/05/24 22:00,3246,3268,3237,3247,1066606,4365790
2017/05/25 09:00,3248,3267,3239,3256,1025266,4365238
2017/05/25 10:00,3255,3293,3248,3292,1237354,4415684
2017/05/25 11:00,3292,3298,3251,3253,985844,4355310
2017/05/25 13:00,3254,3289,3253,3286,882542,4401592
2017/05/25 14:00,3285,3289,3210,3219,2771092,4141028
2017/05/25 21:00,3221,3242,3213,3232,1336770,4121860
2017/05/25 22:00,3231,3232,3212,3223,831700,4077928
2017/05/26 09:00,3211,3214,3180,3182,1704500,4086252
2017/05/26 10:00,3182,3203,3172,3195,1016692,4072910
2017/05/26 11:00,3194,3197,3188,3193,263992,4076874
2017/05/26 13:00,3194,3228,3194,3227,779600,4108840
2017/05/26 14:00,3228,3249,3219,3240,1493958,4039408
2017/05/31 09:00,3248,3273,3183,3184,2531686,4102786
2017/05/31 10:00,3185,3198,3163,3174,1067032,4136536
2017/05/31 11:00,3174,3192,3164,3182,535656,4133364
2017/05/31 13:00,3184,3186,3167,3179,436428,4148130
2017/05/31 14:00,3180,3180,3089,3095,2092262,3993662
2017/05/31 21:00,3102,3106,3086,3094,1156936,4081466
2017/05/31 22:00,3093,3120,3072,3105,1148036,4023940
2017/06/01 09:00,3105,3127,3093,3094,1203934,4064982
2017/06/01 10:00,3096,3102,3073,3088,849368,4080744
2017/06/01 11:00,3088,3091,3075,3077,373080,4072020
2017/06/01 13:00,3071,3114,3057,3105,1305172,4158110
2017/06/01 14:00,3104,3118,3085,3092,1340828,4116502
2017/06/01 21:00,3098,3108,3045,3068,2166988,4201772
2017/06/01 22:00,3069,3089,3050,3073,1354924,4140858
2017/06/02 09:00,3072,3079,3028,3054,1962132,4172934
2017/06/02 10:00,3054,3061,3041,3048,590658,4173400
2017/06/02 11:00,3047,3067,3037,3053,709348,4194798
2017/06/02 13:00,3053,3065,3048,3057,511770,4229018
2017/06/02 14:00,3056,3060,3021,3026,1750454,4174198
2017/06/02 21:00,3010,3035,3005,3020,1489376,4236106
2017/06/02 22:00,3019,3055,3009,3031,1425120,4098494
2017/06/05 09:00,3000,3005,2954,2962,2233230,4259748
2017/06/05 10:00,2961,2973,2958,2962,598276,4268710
2017/06/05 11:00,2963,2968,2951,2959,413454,4279038
2017/06/05 13:00,2960,2981,2958,2974,551588,4289846
2017/06/05 14:00,2973,2975,2938,2939,1272200,4259372
2017/06/05 21:00,2928,2937,2906,2919,1656372,4375646
2017/06/05 22:00,2919,2945,2916,2929,1249724,4276280
2017/06/06 09:00,2937,2956,2931,2949,1036970,4258408
2017/06/06 10:00,2948,2968,2948,2953,777200,4259414
2017/06/06 11:00,2953,2970,2941,2969,643720,4245062
2017/06/06 13:00,2971,2973,2956,2965,525890,4221974
2017/06/06 14:00,2964,2973,2956,2959,851084,4112454
2017/06/06 21:00,2959,2992,2951,2990,1435220,4169476
2017/06/06 22:00,2990,2996,2955,2957,1315876,4130042
2017/06/07 09:00,2951,2967,2935,2959,1321528,4231902
2017/06/07 10:00,2959,2965,2949,2956,407016,4260090
2017/06/07 11:00,2956,2975,2954,2958,536436,4251792
2017/06/07 13:00,2959,2964,2954,2956,270874,4279250
2017/06/07 14:00,2956,2963,2944,2962,958044,4237182
2017/06/07 21:00,2968,2978,2951,2962,1090972,4258308
2017/06/07 22:00,2962,2969,2939,2952,980892,4202110
2017/06/08 09:00,2950,2956,2924,2938,1035640,4219240
2017/06/08 10:00,2938,2973,2932,2971,826378,4182104
2017/06/08 11:00,2971,3025,2969,3020,1915542,4239134
2017/06/08 13:00,3020,3024,2971,2974,1585068,4180408
2017/06/08 14:00,2974,2988,2965,2968,1591310,4077740
2017/06/08 21:00,2968,2986,2954,2980,1146836,4120760
2017/06/08 22:00,2980,2985,2975,2980,540594,4081008
2017/06/09 09:00,2980,3013,2967,2999,1839728,4059200
2017/06/09 10:00,3000,3000,2986,2991,363520,4063948
2017/06/09 11:00,2990,3008,2980,2997,728292,4070564
2017/06/09 13:00,2998,3002,2993,2996,268382,4076818
2017/06/09 14:00,2996,3021,2996,3017,1388584,4086840
2017/06/09 21:00,3030,3051,3013,3044,1547162,4144064
2017/06/09 22:00,3044,3048,3026,3032,943892,4056576
2017/06/12 09:00,3041,3047,3000,3012,1180604,4086010
2017/06/12 10:00,3012,3037,3007,3035,648724,4122238
2017/06/12 11:00,3035,3048,3028,3033,621996,4110068
2017/06/12 13:00,3033,3046,3030,3043,341100,4140878
2017/06/12 14:00,3043,3050,3023,3033,1014862,4090012
2017/06/12 21:00,3035,3044,3028,3039,678330,4147732
2017/06/12 22:00,3039,3045,3032,3032,430678,4118474
2017/06/13 09:00,3026,3029,3006,3020,1105620,4175826
2017/06/13 10:00,3020,3024,3012,3018,288180,4206526
2017/06/13 11:00,3017,3018,2976,2979,1174116,4264360
2017/06/13 13:00,2978,2984,2975,2977,510130,4293882
2017/06/13 14:00,2977,2984,2932,2935,1677802,4316160
2017/06/13 21:00,2935,2950,2930,2945,1179534,4324144
2017/06/13 22:00,2945,2980,2944,2968,1335272,4240154
2017/06/14 09:00,2968,2972,2956,2964,686388,4260106
2017/06/14 10:00,2964,2977,2959,2972,521114,4264998
2017/06/14 11:00,2971,3015,2969,3014,1243182,4207700
2017/06/14 13:00,3016,3030,3007,3026,942852,4186568
2017/06/14 14:00,3025,3086,3014,3084,2479786,4100690
2017/06/14 21:00,3080,3091,3059,3064,1094036,4143252
2017/06/14 22:00,3064,3073,3033,3037,1141484,4051740
2017/06/15 09:00,3037,3088,3023,3083,1821266,4090172
2017/06/15 10:00,3083,3099,3073,3098,1281392,4185030
2017/06/15 11:00,3097,3108,3073,3088,1156152,4149162
2017/06/15 13:00,3092,3119,3087,3109,978536,4196656
2017/06/15 14:00,3108,3124,3100,3111,1381596,4169474
2017/06/15 21:00,3105,3129,3088,3112,1519526,4212226
2017/06/15 22:00,3112,3116,3096,3110,754160,4188098
2017/06/16 09:00,3113,3155,3112,3154,1530954,4219326
2017/06/16 10:00,3153,3156,3096,3114,1423994,4076762
2017/06/16 11:00,3114,3118,3092,3111,671456,4043116
2017/06/16 13:00,3111,3112,3098,3098,431216,4065630
2017/06/16 14:00,3099,3109,3075,3091,1655342,3921532
2017/06/16 21:00,3100,3133,3093,3119,1640966,3985154
2017/06/16 22:00,3118,3121,3106,3115,662934,3915130
2017/06/19 09:00,3116,3134,3104,3115,1064310,3941180
2017/06/19 10:00,3115,3144,3115,3140,826574,3947214
2017/06/19 11:00,3139,3176,3136,3174,971596,3985286
2017/06/19 13:00,3173,3178,3159,3168,664892,4022536
2017/06/19 14:00,3168,3185,3138,3140,1437904,3884594
2017/06/19 21:00,3144,3150,3129,3137,1122012,3949274
2017/06/19 22:00,3137,3144,3132,3135,514586,3917054
2017/06/20 09:00,3133,3140,3108,3112,1248064,3954674
2017/06/20 10:00,3113,3120,3102,3112,644032,3956306
2017/06/20 11:00,3112,3116,3084,3094,845712,3936444
2017/06/20 13:00,3094,3131,3091,3120,920720,3926316
2017/06/20 14:00,3120,3124,3098,3109,1174468,3918006
2017/06/20 21:00,3099,3099,3058,3060,1737250,3987974
2017/06/20 22:00,3061,3067,3040,3042,948898,3950928
2017/06/21 09:00,3043,3078,3034,3061,1508918,3905500
2017/06/21 10:00,3062,3069,3044,3046,613578,3929414
2017/06/21 11:00,3047,3054,3038,3049,518988,3933626
2017/06/21 13:00,3048,3049,3039,3043,235314,3946456
2017/06/21 14:00,3043,3077,3042,3069,1390452,3881838
2017/06/21 21:00,3079,3114,3078,3098,1731224,3891206
2017/06/21 22:00,3098,3109,3089,3105,902636,3837484
2017/06/22 09:00,3107,3123,3081,3083,1350468,3848576
2017/06/22 10:00,3084,3096,3071,3093,821222,3851840
2017/06/22 11:00,3093,3103,3082,3085,533378,3824466
2017/06/22 13:00,3087,3110,3085,3098,645146,3862518
2017/06/22 14:00,3098,3099,3030,3031,2084042,3860464
2017/06/22 21:00,3037,3062,3034,3060,1159534,3883804
2017/06/22 22:00,3060,3074,3049,3071,746632,3826624
2017/06/23 09:00,3070,3073,3038,3044,1040070,3879064
2017/06/23 10:00,3043,3066,3039,3052,690418,3872952
2017/06/23 11:00,3052,3054,3039,3052,486650,3874020
2017/06/23 13:00,3052,3060,3042,3047,427352,3901646
2017/06/23 14:00,3048,3110,3044,3104,2244766,3837146
2017/06/23 21:00,3105,3109,3088,3101,971532,3812680
2017/06/23 22:00,3101,3132,3097,3113,1278706,3752554
2017/06/26 09:00,3100,3124,3092,3111,1108746,3811346
2017/06/26 10:00,3111,3124,3104,3111,460254,3835960
2017/06/26 11:00,3111,3125,3097,3107,661666,3836666
2017/06/26 13:00,3108,3122,3108,3121,304372,3885118
2017/06/26 14:00,3121,3149,3119,3148,1511950,3909278
2017/06/26 21:00,3152,3165,3145,3162,1026188,3999690
2017/06/26 22:00,3163,3163,3136,3147,750300,3938036
2017/06/27 09:00,3145,3152,3132,3143,647794,3939478
2017/06/27 10:00,3142,3186,3139,3182,1109198,4008048
2017/06/27 11:00,3180,3183,3164,3171,596504,3993206
2017/06/27 13:00,3171,3196,3171,3192,785676,4077416
2017/06/27 14:00,3192,3225,3186,3224,1678144,4064658
2017/06/27 21:00,3226,3252,3224,3245,1321030,4212748
2017/06/27 22:00,3246,3268,3235,3267,897426,4206804
2017/06/28 09:00,3267,3267,3242,3248,953490,4205784
2017/06/28 10:00,3249,3275,3248,3261,777148,4250736
2017/06/28 11:00,3261,3275,3257,3267,381704,4269568
2017/06/28 13:00,3271,3281,3267,3271,542374,4318580
2017/06/28 14:00,3271,3291,3261,3279,1210376,4243248
2017/06/28 21:00,3288,3298,3261,3268,1456620,4242854
2017/06/28 22:00,3268,3272,3252,3270,1136204,4186464
2017/06/29 09:00,3272,3320,3270,3300,1716226,4304266
2017/06/29 10:00,3300,3330,3273,3287,1501416,4215890
2017/06/29 11:00,3287,3288,3277,3284,311668,4225996
2017/06/29 13:00,3284,3319,3284,3309,816008,4332784
2017/06/29 14:00,3309,3322,3286,3297,1471238,4287144
2017/06/29 21:00,3291,3302,3273,3299,1031966,4331512
2017/06/29 22:00,3300,3305,3286,3292,572014,4314690
2017/06/30 09:00,3288,3312,3276,3295,1568552,4399582
2017/06/30 10:00,3295,3305,3290,3295,557706,4447984
2017/06/30 11:00,3295,3315,3293,3305,498590,4484398
2017/06/30 13:00,3306,3344,3302,3335,867012,4593168
2017/06/30 14:00,3335,3355,3296,3347,2403872,4577550
2017/06/30 21:00,3341,3365,3333,3359,1166492,4671854
2017/06/30 22:00,3359,3373,3347,3372,947840,4667606
2017/07/03 09:00,3375,3396,3344,3365,1891698,4685690
2017/07/03 10:00,3364,3379,3358,3377,551540,4708086
2017/07/03 11:00,3377,3391,3358,3388,769456,4702760
2017/07/03 13:00,3390,3395,3381,3389,510532,4761186
2017/07/03 14:00,3390,3415,3379,3413,1490356,4727336
2017/07/03 21:00,3405,3433,3400,3432,1011566,4821722
2017/07/03 22:00,3431,3448,3428,3437,1130268,4780246
2017/07/04 09:00,3428,3432,3385,3390,1647292,4663652
2017/07/04 10:00,3390,3393,3356,3383,1353278,4608994
2017/07/04 11:00,3383,3395,3378,3383,396756,4603124
2017/07/04 13:00,3384,3393,3374,3383,440940,4640784
2017/07/04 14:00,3383,3383,3341,3360,1686770,4533484
2017/07/04 21:00,3370,3426,3369,3415,1872440,4654254
2017/07/04 22:00,3415,3445,3409,3444,1130508,4662118
2017/07/05 09:00,3445,3474,3384,3433,2479844,4602126
2017/07/05 10:00,3434,3446,3423,3443,621436,4630346
2017/07/05 11:00,3443,3445,3424,3435,517244,4621660
2017/07/05 13:00,3436,3449,3432,3444,420730,4647302
2017/07/05 14:00,3444,3447,3408,3420,1623070,4535336
2017/07/05 21:00,3400,3420,3390,3398,1377282,4651004
2017/07/05 22:00,3397,3418,3385,3402,1230954,4615386
